track_id,key,mode,time_signature,duration_ms,tempo,danceability,energy,loudness,speechiness,acousticness,instrumentalness,liveness,valence
4SjEdGI6Otmo5DRxAXKS9o,5,0,4,285147,125.984,0.453,0.227,-12.418,0.0285,0.712,0.468,0.108,0.161
0LWBnkNzqqVuHrWL7hjlFg,3,0,1,151023,95.395,0.271,0.105,-14.212,0.0329,0.798,0.000509,0.134,0.0599
4j8vGre00dO8yur34Mqzsv,0,1,4,236275,81.907,0.592,0.291,-15.301,0.074,0.937,0.102,0.196,0.296
5kf8d9DoYJbQmiaYjsPobn,9,1,4,167226,154.737,0.535,0.671,-7.542,0.315,0.0627,0.0,0.0772,0.442
0e8nrvls4Qqv5Rfa2UhqmO,1,0,4,143901,87.981,0.737,0.846,-4.51,0.22,0.00614,0.0,0.0486,0.546
3ly0KiqLSwqMeAdz7PSf3b,6,0,4,134668,102.963,0.798,0.651,-6.39,0.294,0.151,0.0,0.0814,0.8
4T3fNx3CgwDRRYgmFCbD4J,0,0,4,229413,97.565,0.442,0.585,-10.332,0.0964,0.0984,0.391,0.14,0.116
1Xw5Z5hKD9517lYHZ5WuIg,0,0,4,272173,82.07,0.655,0.384,-12.844,0.0989,0.69,0.00469,0.146,0.145
27NovPIUIRrOZoCHxABJwK,3,0,4,212000,149.995,0.736,0.704,-7.409,0.0615,0.0203,0.0,0.0501,0.894
7mWm9dmaJfCcxPsTKyB60b,9,0,4,120226,121.946,0.876,0.518,-8.2,0.197,0.0157,0.000179,0.0997,0.578
4JC18crxRPZOuTqBfXKFIR,3,0,4,173380,123.99,0.874,0.899,-3.046,0.248,0.283,0.0,0.235,0.831
2UKvxuMTM7JwprZrnpxgY1,4,1,4,269933,80.388,0.521,0.298,-12.474,0.026,0.754,0.46,0.11,0.232
6hZ8By7KCojHP5lGnL5LRL,2,0,4,173337,95.767,0.589,0.357,-11.496,0.516,0.489,0.012,0.103,0.283
3MxF3hGjTAGv7cbIBPN1WS,9,0,4,254467,95.409,0.79,0.245,-10.35,0.338,0.843,0.000155,0.11,0.761
4b3khTm3ufGRTyZwuYdasn,6,1,3,262560,96.722,0.414,0.369,-9.606,0.0262,0.453,0.501,0.0985,0.17
0evQsRfTyga57pcv6bcvJT,0,0,4,245267,147.043,0.401,0.809,-4.633,0.0423,0.0223,0.000273,0.0626,0.415
69Sy7207dnixZ6w7RSV9Kb,8,0,4,192881,176.791,0.459,0.663,-5.939,0.1,0.0169,0.0,0.0621,0.412
6ilc4vQcwMPlvAHFfsTGng,6,1,4,292110,96.563,0.45,0.511,-9.073,0.0276,0.353,0.766,0.139,0.115
366EdrGaHsiq1JLEr9UUiJ,0,0,4,276000,120.007,0.701,0.748,-4.24,0.0515,0.0137,0.0673,0.218,0.851
4hNzJSsDdqrQl5HZupVXyF,11,1,4,198989,81.967,0.349,0.76,-7.774,0.269,0.0498,1.83e-05,0.0674,0.206
43AAJstcEBPh7H4AC0D6n1,1,1,3,284143,99.411,0.457,0.126,-13.874,0.0346,0.928,3.75e-06,0.0978,0.1
0EVWeNlLITV7JcvpG3VBx6,7,0,4,194990,100.019,0.778,0.483,-9.31,0.0715,0.407,0.0504,0.0826,0.474
6jaa12U9YltSWRH5GJDS69,3,0,4,182731,96.083,0.755,0.505,-6.974,0.232,0.293,0.000452,0.0763,0.619
37xXDxPzfk5lnU8aNSRXfw,5,1,4,275187,130.637,0.454,0.287,-11.202,0.0289,0.779,0.753,0.131,0.054
1Sbpc8Aeo5zxbqiI9MtW5A,1,1,4,238384,179.735,0.55,0.286,-14.242,0.0339,0.832,0.000209,0.115,0.47
2gpWyfu7eZ01zzncHpxOtA,8,1,4,234000,120.122,0.542,0.659,-7.289,0.0389,0.00279,0.0,0.105,0.109
0O0bttAxJKKWqAqY2Nq4mC,7,1,4,245840,140.673,0.472,0.27,-11.649,0.027,0.729,0.0158,0.125,0.373
1TZv3bujNaYz646eezRE91,5,0,4,339506,74.861,0.573,0.867,-2.876,0.168,0.0853,0.0,0.38,0.231
0yc6Gst2xkRu0eMLeRMGCX,5,1,4,290617,94.485,0.37,0.467,-9.013,0.0273,0.0205,0.572,0.109,0.182
514vvD0m17sJuYzoOqcE2Q,0,1,4,273897,97.053,0.403,0.521,-8.842,0.028,0.507,0.7,0.105,0.231
05tlQu50JVdWljfaY8CuyV,6,0,4,214892,128.016,0.802,0.765,-4.898,0.0861,0.0375,1.7e-05,0.16,0.495
2fUmBPjqtxx9V6dF3CVGk8,9,1,3,191562,146.319,0.288,0.0542,-18.531,0.0325,0.903,0.0773,0.124,0.0845
7Fz1MGCR3Ak7zdd5joqvBn,8,1,4,163742,142.977,0.757,0.42,-9.857,0.0396,0.616,0.74,0.108,0.547
0SpkyS1Q4MD8GaVcP5YjT4,5,1,4,215150,75.37,0.405,0.479,-9.396,0.0301,0.0527,0.795,0.0974,0.131
0uvFFLI3Z6zidLLUsHDVVk,1,0,4,189390,128.067,0.593,0.81,-5.976,0.0341,0.0145,0.944,0.0906,0.173
11iPmG1pyK9KMCe79SUWBk,1,1,4,232513,125.996,0.87,0.576,-8.844,0.241,0.907,0.679,0.111,0.233
1RMJOxR6GRPsBHL8qeC2ux,7,1,4,209831,75.24,0.524,0.364,-10.209,0.0367,0.808,0.0,0.1,0.436
1CPylrbel65jjZ2jcAuCH0,4,0,4,177098,104.026,0.864,0.624,-4.758,0.0776,0.0495,0.000148,0.0865,0.398
19tuFV8B1ckjHzdRrH6Bqs,0,1,4,250001,141.96,0.6,0.319,-10.272,0.294,0.692,0.00958,0.137,0.507
2hIsd0F6ZGfHCC1xa7vSad,10,1,4,290630,75.927,0.378,0.533,-8.843,0.0279,0.479,0.508,0.131,0.285
6O5TrlFWTYvznd9fMC0VvU,3,1,4,290900,144.361,0.376,0.595,-5.936,0.0496,0.303,0.0,0.095,0.265
7mjd0Q95zC2n4alr9IIxBU,6,1,4,269368,83.967,0.775,0.377,-12.611,0.251,0.543,6.02e-06,0.263,0.638
5IvT1R55n1gISGXAtlQjgg,9,1,4,213978,127.943,0.662,0.458,-8.872,0.0311,0.681,0.0977,0.0861,0.324
43e5E9Z7gZLriMrvC92Tbe,0,0,4,308805,93.0,0.74,0.622,-6.567,0.0568,0.593,7.13e-05,0.0906,0.664
3LlqJkcXMBIAE5X1uUiZUN,0,1,4,266040,143.957,0.514,0.879,-4.416,0.033,0.0286,0.000433,0.0657,0.275
5hR0GZK5OIjB2ySTUE7cS8,7,1,4,188482,95.542,0.618,0.478,-9.955,0.318,0.0914,7.64e-05,0.0562,0.376
3nEkblDKsOep9W5tjMOPti,9,1,4,266899,80.921,0.662,0.553,-8.205,0.0703,0.158,0.0,0.194,0.371
2cCbLVs1UlYPmvRjj666Uu,5,1,4,221440,87.995,0.431,0.544,-8.796,0.031,0.336,0.000111,0.529,0.409
6IMy0QKK39Esy7qipLzVFg,7,1,5,275644,117.537,0.664,0.323,-10.845,0.0643,0.695,0.0604,0.0855,0.541
0J9W7441lP0XRAWfrrPaIj,7,0,4,257898,165.039,0.611,0.576,-7.091,0.26,0.158,0.0,0.127,0.235
7dnFiFRJIJvOLOYcySZAaZ,1,0,4,187200,99.993,0.744,0.75,-4.607,0.0964,0.0281,1.34e-05,0.0742,0.168
7sWRlDoTDX8geTR8zzr2vt,4,0,4,156267,130.218,0.405,0.646,-3.206,0.0476,0.331,0.0,0.103,0.17
5x6ggDM895CRGHxS3dwRHz,2,0,4,213125,139.949,0.81,0.674,-6.251,0.0446,0.00792,1.45e-05,0.0527,0.834
2zAfQdoOeYujy7QIgDUq9p,1,0,4,303621,116.036,0.805,0.462,-10.94,0.357,0.764,6.81e-06,0.366,0.387
1jBL8PB3CqDYjR0luCpX00,0,0,4,318667,104.967,0.507,0.944,-4.35,0.0577,0.000486,0.521,0.0733,0.0689
3V35bKSSm4usoSPjdaRGMx,5,0,4,285160,100.989,0.826,0.47,-5.487,0.0343,0.025,0.00337,0.1,0.541
6pa0cDzwcgekEdoLqTXoTS,4,0,4,236386,80.848,0.474,0.656,-6.658,0.0613,0.453,0.0206,0.299,0.374
5qaaQp6KvkEdB2q7SKQAcJ,8,0,4,148942,104.055,0.922,0.708,-5.618,0.262,0.281,0.000168,0.279,0.732
7GonnnalI2s19OCQO1J7Tf,7,0,4,282653,178.98,0.359,0.981,-3.622,0.303,0.00125,0.00236,0.284,0.271
5DLTuH4A5VZB2HKpqHQR6t,5,0,4,194333,89.975,0.743,0.662,-6.108,0.179,0.565,0.0,0.128,0.552
5Hm1Ro0vPdIR1OE1LrYNKq,9,1,4,203497,124.988,0.844,0.728,-5.174,0.0395,0.0237,0.00217,0.124,0.775
5qu6vyYjejfWsmZgj5MQyr,0,1,4,203636,131.989,0.783,0.674,-4.118,0.183,0.0625,0.0,0.097,0.253
6bGEf1NKIcpuqlo4BfLy7V,3,1,4,201797,130.966,0.717,0.55,-8.418,0.0337,0.0775,2.79e-06,0.243,0.673
7CwMd2v4VkIO9LmhmXn32g,3,1,3,77250,78.285,0.601,0.105,-26.878,0.866,0.513,0.0,0.975,0.875
64NE79ro3Tys4qbek51rBP,6,0,4,176111,115.121,0.937,0.576,-6.034,0.186,0.0319,0.0,0.116,0.873
5qgREU0Ai1lOJaqXiIobio,1,1,4,173394,108.847,0.801,0.553,-9.481,0.256,0.0244,0.0,0.0668,0.713
44wXefe8WB9Fd6xwtmAwbR,4,1,4,231480,174.217,0.401,0.953,-4.276,0.0752,1.83e-05,2.56e-05,0.149,0.555
5DWoPJxISs9VMRCJBzujB6,3,0,4,241600,150.022,0.535,0.877,-2.181,0.0465,0.033,0.000167,0.144,0.115
7eBqSVxrzQZtK2mmgRG6lC,0,0,4,268434,115.007,0.759,0.73,-7.985,0.0516,0.145,3.06e-06,0.11,0.74
1fCz8XdLhSqUZoIpZjpg10,6,0,4,207057,91.979,0.789,0.507,-8.916,0.0754,0.199,0.0,0.0704,0.226
0VBBhORpLGjyUzRwhQPXKk,10,0,4,238000,90.013,0.498,0.755,-9.283,0.381,0.0894,0.0,0.498,0.635
6bh20cEbXMNJ5JPUvbGSYq,1,1,4,172500,99.977,0.75,0.557,-8.407,0.262,0.0299,5.15e-05,0.173,0.322
1ASfDW1PgHJ9g97T7B1a4J,5,1,4,224000,115.144,0.492,0.253,-12.679,0.0385,0.463,3.94e-05,0.146,0.186
4WfjYOo0JxommRm1PyObJl,1,1,4,251309,95.518,0.87,0.446,-9.818,0.424,0.449,0.0,0.16,0.684
54X78diSLoUDI3joC2bjMz,10,1,4,520787,113.066,0.367,0.452,-10.422,0.0307,0.0353,0.00228,0.689,0.189
0EtirusGt3LivUmALXSMVe,7,1,4,205400,91.968,0.865,0.589,-4.224,0.258,0.0218,4.6e-06,0.04,0.776
4jURQLDdnZp6l3PsvxJaZk,1,0,4,208867,160.415,0.609,0.655,-7.985,0.507,0.105,0.0,0.0939,0.316
6Hgh47WXVKtXN5zGOu0hjI,2,1,4,263014,72.989,0.652,0.678,-6.183,0.0541,0.183,3.26e-05,0.106,0.28
4CbrNGvwVjneG8Nk9YQqMR,11,1,4,173640,82.488,0.731,0.626,-6.919,0.0805,0.125,0.0,0.183,0.862
0JJP0IS4w0fJx01EcrfkDe,2,1,4,182827,181.04,0.459,0.895,-3.126,0.0805,0.00725,0.0,0.206,0.572
5MxMBEwBjRzFDHc3GRNEG9,6,0,4,241600,150.023,0.532,0.9,-6.972,0.042,0.185,0.921,0.207,0.224
0odHj0qIf86vHBsXB30IkZ,6,0,4,249288,157.99,0.628,0.629,-4.829,0.0485,0.118,0.0,0.102,0.3
3XiNC94b4Tq1xwv70sQJGN,6,0,4,243976,134.972,0.729,0.603,-6.736,0.0666,0.0948,0.0,0.113,0.207
3UmaczJpikHgJFyBTAJVoz,6,0,4,404107,80.063,0.78,0.768,-4.325,0.238,0.0371,2.34e-06,0.518,0.507
3YBZIN3rekqsKxbJc9FZko,11,1,4,405640,100.271,0.273,0.952,-8.762,0.0843,0.0169,0.0111,0.142,0.472
5u0rw9MFwBZQRQkhUu7qSv,8,1,4,157664,136.939,0.868,0.818,-6.182,0.249,0.0399,2.23e-06,0.0546,0.817
2hj4INbCeEhiYsuBgAoNc8,4,0,4,160187,99.96,0.839,0.675,-3.952,0.189,0.0839,0.0,0.255,0.86
7dDLHlyZJBqEWSndlPWyCT,1,1,4,289004,98.121,0.737,0.707,-11.113,0.448,0.514,0.0,0.393,0.561
0jPEWByX9DZAQb5zyQ6eng,11,0,4,194406,99.971,0.662,0.764,-5.224,0.111,0.046,0.0,0.0947,0.74
6MXXY2eiWkpDCezVCc0cMH,7,1,4,195093,84.164,0.48,0.631,-5.488,0.116,0.0791,0.000105,0.149,0.515
0MBKsypuLXdh5H9kDbFP35,0,0,4,317760,133.793,0.172,0.0706,-22.758,0.0419,0.98,0.879,0.0912,0.0709
5dANgSy7v091dhiPnEXNrf,9,0,4,321293,137.616,0.654,0.77,-6.091,0.0353,0.00342,0.0,0.0887,0.272
5Z9KJZvQzH6PFmb8SNkxuk,10,0,4,212353,150.087,0.741,0.691,-7.395,0.0672,0.0221,0.0,0.0476,0.892
4ZtFanR9U6ndgddUvNcjcG,9,1,4,178147,166.928,0.563,0.664,-5.044,0.154,0.335,0.0,0.0849,0.688
6Hfu9sc7jvv6coyy2LlzBF,0,1,4,243187,80.009,0.587,0.561,-6.569,0.146,0.0466,0.0,0.109,0.351
59CfNbkERJ3NoTXDvoURjj,7,0,3,153000,179.773,0.345,0.612,-6.543,0.0608,0.232,0.0,0.194,0.232
4lhqb6JvbHId48OUJGwymk,7,0,4,255093,125.014,0.545,0.78,-4.867,0.0436,0.0309,4.64e-05,0.0828,0.458
56Ua2ypj5HWnotoIF3lEHc,5,1,4,183883,145.916,0.66,0.666,-6.15,0.0507,0.178,0.0,0.275,0.503
2jdAk8ATWIL3dwT47XpRfu,1,0,5,242000,134.018,0.667,0.361,-8.69,0.0273,0.575,0.00506,0.0805,0.29
362v1xIk2anDa2PLv0shcg,7,0,1,453367,97.992,0.345,0.421,-17.198,0.0401,0.964,0.896,0.133,0.623
4DuUwzP4ALMqpquHU0ltAB,5,0,4,156498,123.066,0.794,0.756,-7.16,0.136,0.11,0,0.247,0.775
4G92yYrUs0cvY7G41YRI0z,1,1,3,287693,116.76,0.439,0.153,-8.95,0.0479,0.874,0,0.107,0.104
02MWAaffLxlfxAUY7c5dvx,11,1,4,238805,80.87,0.761,0.525,-6.9,0.0944,0.44,6.7e-06,0.0921,0.531
3SktMqZmo3M9zbB7oKMIF7,7,1,3,245827,123.799,0.753,0.326,-9.883,0.0342,0.731,0.00131,0.24,0.237
5W8jRrZ6tWrTrqnKRtIQBf,4,0,4,218210,88.967,0.861,0.656,-7.867,0.425,0.104,0,0.0986,0.331
6BrXK35IO466yYtq7iGqVh,2,1,3,173514,111.01,0.929,0.58,-10.535,0.244,0.434,0.000534,0.07,0.635
0VjIjW4GlUZAMYd2vXMi3b,1,1,4,200040,171.005,0.514,0.73,-5.934,0.0598,0.00146,9.54e-05,0.0897,0.334
3ibKnFDaa3GhpPGlOUj7ff,7,0,4,256733,94.514,0.656,0.578,-8.97,0.0922,0.235,0,0.118,0.556
4SVjVLpHngzqTzGfQe0hGz,6,0,4,253686,106.013,0.828,0.563,-8.919,0.0951,0.0896,0.0261,0.0962,0.402
5PjdY0CKGZdEuoNab3yDmX,1,1,4,141806,169.928,0.591,0.764,-5.484,0.0483,0.0383,0,0.103,0.478
0hL8yBivUahlm1rhQ1a0Xx,11,0,3,408064,63.764,0.605,0.613,-10.479,0.869,0.779,0,0.0981,0.336
2YpeDb67231RjR0MgVLzsG,6,1,4,157067,136.041,0.878,0.619,-5.56,0.102,0.0533,0,0.113,0.639
7noMTQDPvffmPOUIJ0J50E,11,0,4,222000,77.899,0.809,0.607,-7.661,0.213,0.0768,0.102,0.0739,0.639
522FRPAfdN2Rp5DZuyTpty,11,0,4,151844,133.976,0.953,0.596,-7.666,0.224,0.101,1.84e-06,0.238,0.388
5X3ahLXhOw16BR09GjYPUT,1,1,4,294720,80.055,0.583,0.792,-5.894,0.0533,0.00321,4.92e-05,0.315,0.397
5u1n1kITHCxxp8twBcZxWy,6,1,4,212093,86.919,0.673,0.704,-8.056,0.36,0.196,0,0.0898,0.372
7xkQdy0cy5ymoWT7nedvLz,11,1,4,221253,144.036,0.615,0.711,-5.507,0.0779,0.0444,0,0.145,0.711
7wyOeWMb8aiR2qjdCEEYZJ,9,1,4,427247,155.866,0.242,0.193,-23.566,0.037,0.968,0.862,0.105,0.113
1FreAz1lmnDi5aKLB6GdFM,5,1,4,272533,94.059,0.835,0.687,-3.18,0.184,0.101,0,0.132,0.828
3qQ6WFhcAx6LOH1UHz1c0U,1,0,4,202320,190.04,0.678,0.484,-6.647,0.43,0.735,0,0.117,0.219
5UqCQaDshqbIk3pkhy4Pjg,1,0,4,199907,126.04,0.584,0.889,-5.941,0.0343,0.0462,0.828,0.309,0.464
5hUYsaOyMY32yjRXeuQwGj,5,0,4,228093,74.267,0.328,0.622,-7.291,0.0866,0.858,0,0.104,0.401
6Uj1ctrBOjOas8xZXGqKk4,5,0,4,172627,107.998,0.824,0.764,-4.175,0.0854,0.0888,0.00294,0.117,0.881
2a4SReoE5mZ1yxG5UAQPOM,0,1,4,106668,134.984,0.782,0.656,-4.085,0.0979,0.00187,0,0.336,0.511
6gU32YmQ8TDjyeTiqzXMEJ,5,1,4,151954,134.973,0.793,0.72,-5.654,0.144,0.186,0,0.192,0.642
3XYmFqe0XURWtYfkFR9wdD,1,1,4,197760,139.981,0.686,0.97,-6.949,0.0394,0.0126,0.0965,0.109,0.869
1G93i9ga7ZPEOqpiNhM1mq,7,1,4,178840,99.969,0.861,0.479,-8.433,0.0515,0.0452,0,0.351,0.278
6OUcBSlWDdg3t50Tngl71y,9,1,4,289658,126.005,0.687,0.697,-7.493,0.095,0.346,0,0.104,0.27
01spbeDkVAa72c8Z51mYG6,2,1,4,63893,109.679,0.234,0.848,-13.624,0.0866,1.39e-06,0.922,0.202,0.28
7May62EAiQedGvgGdqa1Tj,0,1,3,171000,206.938,0.396,0.0377,-26.0,0.0645,0.994,0.93,0.106,0.0379
28boB2CUpgdEDw38645vvd,5,0,4,194333,89.984,0.752,0.649,-6.204,0.175,0.543,0,0.13,0.577
27jxrHjgieOOkAF5hPrNjk,9,0,4,260053,121.991,0.783,0.937,-4.828,0.0282,0.0475,2.55e-05,0.11,0.633
7hDq6sOZ5Rl1XnSSfoOBRK,2,0,3,284187,65.535,0.438,0.182,-15.209,0.0338,0.983,0.841,0.119,0.0639
0fySG6A6qLE8IvDpayb5bM,1,0,4,144935,154.187,0.768,0.652,-2.708,0.307,0.113,0,0.107,0.777
4wRMKxAQJ08eUKjrB6qnMK,2,1,4,201980,201.957,0.74,0.641,-3.263,0.301,0.0634,0.00548,0.0819,0.294
0I1CGhks11VfttWYyxVdHS,2,1,4,141176,101.996,0.885,0.622,-4.328,0.0481,0.0418,5.04e-05,0.12,0.246
55UPi5iiISGhDsjjtQYGYE,9,0,4,176000,122.016,0.672,0.663,-8.455,0.0348,0.673,0,0.111,0.172
1UIQfD3EvupBRgBmcLrPYK,1,1,4,208000,160.027,0.748,0.743,-4.951,0.0383,0.06,1.61e-05,0.0782,0.869
4cUAFpSAOwmtk5kKDPr949,1,0,4,87484,77.181,0.538,0.633,-7.787,0.346,0.572,0,0.293,0.67
3qHbqnWkyCXm6c9EOqVOPq,11,0,4,178000,98.026,0.915,0.681,-5.502,0.222,0.104,0.0124,0.127,0.309
2ROZs7Bt4juR2bO5HIYEtN,10,0,5,218000,112.042,0.647,0.527,-7.441,0.273,0.131,0.043,0.097,0.443
4yyjPcNke7uKb7ElZMe0qR,0,0,4,177760,134.996,0.746,0.497,-8.929,0.0334,0.0586,1.59e-06,0.0792,0.554
7ozokN91ov5GtqhYtE3y13,4,0,4,157400,152.028,0.652,0.581,-6.296,0.209,0.474,0,0.354,0.406
7bOM3CoNEkh7UkGPkYxwtl,5,0,4,204253,140.907,0.731,0.439,-6.851,0.149,0.282,1.29e-05,0.366,0.505
1jnQaoe6VpzXuFWirasGI6,11,1,4,178333,143.953,0.846,0.605,-6.922,0.245,0.187,0,0.122,0.604
2fQBliQbM6PLlHqxaVCPaJ,11,0,4,168600,100.037,0.85,0.816,-4.8,0.16,0.122,0,0.12,0.793
44JtOMPr4UhKTcc1cKOxQO,6,1,4,185200,115.944,0.846,0.683,-5.226,0.3,0.78,0,0.105,0.703
0bDmVU3pf81nVQHcdlNH5Z,11,1,4,158143,139.965,0.859,0.779,-4.957,0.245,0.00782,6.81e-06,0.0593,0.591
6JdbV5DDltMVCyV0twmKwj,0,1,4,178973,85.667,0.708,0.577,-8.229,0.0261,0.377,0,0.0718,0.836
4cwfpbraQNnmCb39aMyUbC,1,1,4,140282,142.007,0.808,0.957,-4.178,0.0774,0.0209,0.00143,0.0809,0.705
35Z5CNt0GVIAACouXzDwpO,6,0,4,197480,109.947,0.682,0.838,-5.698,0.0453,0.053,0,0.336,0.807
64mWFnjL0AvzuBzXVQ3qmp,11,0,4,302587,154.042,0.423,0.698,-6.305,0.0792,0.509,1.62e-06,0.111,0.325
0S3a4C3GBKaUFs5k29517u,8,1,4,137143,95.986,0.839,0.538,-9.078,0.203,0.114,0.00134,0.176,0.434
6ux9AOWkeSZRHfRrwYD3Q8,1,1,4,416413,95.853,0.73,0.535,-7.774,0.511,0.329,0,0.321,0.723
4S8d14HvHb70ImctNgVzQQ,2,1,4,127947,104.053,0.901,0.522,-8.304,0.33,0.0114,0,0.259,0.329
1Kc5pM4yA6nNWBq9eXU6ms,8,0,5,102767,90.013,0.283,0.173,-14.778,0.0302,0.879,0.963,0.107,0.0386
6PB4Z4KmCI4dZ0QkWUcAK4,6,0,4,187130,77.969,0.633,0.464,-7.18,0.0484,0.47,0.00245,0.107,0.267
5IuuShyujtAGLJ5foufrGr,8,0,5,36103,147.519,0.524,0.257,-16.253,0.485,0.931,1.09e-06,0.444,0.89
3DsiO87V8to9U5pw7C03Wj,6,0,4,194787,172.087,0.54,0.576,-6.252,0.0531,0.0781,0.000142,0.0883,0.142
3kWhNjQOk2qnwr1G8CGOtg,1,0,4,169605,149.993,0.739,0.558,-7.976,0.0475,0.112,0.00975,0.0959,0.54
1HNbXq6kKkrFF3Dfb6yfAG,11,0,4,189926,134.99,0.753,0.591,-7.93,0.0421,0.324,2.7e-05,0.087,0.601
15rb66mPdtRwYqRqvh684m,9,1,0,13980,0.0,0.0,0.439,-15.709,0.0,0.775,0,0.28,0.0
5YQSyd3S16F5fH3bOPB9gB,2,0,4,167386,130.079,0.645,0.488,-9.807,0.0354,0.248,0.0107,0.126,0.201
6ZaDc9leqLsy504tPJ3iLz,7,0,4,48752,71.129,0.487,0.0879,-14.974,0.0466,0.839,0.0413,0.102,0.149
575rprzqwtW7jyRBVpeIlD,0,0,4,226022,103.036,0.613,0.422,-9.007,0.0397,0.284,0.00032,0.137,0.216
2J9FLR4bYSdDFZbnAuxcDu,1,1,4,70428,115.937,0.627,0.563,-8.472,0.0297,0.0245,0.274,0.0735,0.198
4pv1LzitrNqYKmYaInB88b,11,1,0,14426,0.0,0.0,0.428,-15.521,0.0,0.652,0,0.357,0.0
5OY8ipGvQkfzGV84ur9Q6Z,9,0,4,173187,103.987,0.576,0.427,-10.017,0.0299,0.494,0.000573,0.124,0.352
1LJT60cSmZjfBzBQwru5dS,8,0,4,158436,125.88,0.582,0.312,-11.151,0.0373,0.73,0.0013,0.111,0.268
7uohFnGb0ECbs4Jp7u0n61,3,0,4,199581,101.014,0.698,0.353,-9.49,0.0276,0.672,7.08e-05,0.111,0.278
0YSTRuZ7elW9CEBfZJW5Js,8,1,4,247600,148.141,0.716,0.485,-8.241,0.237,0.0401,0,0.277,0.556
0d3xGzXJ6Q5TICBQ4aziWu,4,1,4,204992,100.062,0.659,0.295,-12.6,0.0505,0.935,1.11e-05,0.109,0.426
1UZtPx4bgd7x75fbpOvOkM,11,0,4,192998,127.005,0.876,0.618,-7.045,0.0738,0.176,0.000198,0.103,0.743
2f8EI42kSI7y7YhlhK5UzQ,5,0,4,292978,100.007,0.736,0.59,-9.534,0.191,0.497,0.000419,0.248,0.29
2XxY7nlBlnSVHVWrCW48so,8,0,4,244962,173.618,0.52,0.522,-9.062,0.277,0.225,1.45e-06,0.171,0.49
4eM9Yrx03O2HHpYcjPS2Ow,7,1,4,198002,109.97,0.904,0.694,-6.532,0.0486,0.157,2.42e-06,0.0861,0.436
28w05E6whaAirNDFjEo0Ej,8,1,4,223995,80.016,0.678,0.562,-6.239,0.169,0.486,0,0.359,0.472
73skF4Y2MgeL9YwJYv4ac9,0,1,4,242269,115.968,0.967,0.7,-6.204,0.1,0.378,1.98e-06,0.321,0.654
0pmpRjX6cMHwD18SkOJeeT,0,1,4,255518,96.981,0.61,0.322,-13.207,0.0701,0.839,4.06e-06,0.105,0.0943
1LiwqqaafXkNQuWGW3HeId,0,1,4,311120,105.266,0.85,0.818,-8.623,0.0904,0.124,0.00135,0.349,0.839
5pdDSYfPjCxq7ZJuZmsh2E,1,1,3,226900,133.329,0.422,0.00437,-19.168,0.068,0.912,0.975,0.0965,0.117
6PEsVghjDku1IDJnNgeAqx,3,1,4,233747,70.77,0.352,0.0505,-24.144,0.0807,0.993,0.923,0.107,0.054
0wkbwKkuWKVIlZWuoZBc9T,9,1,4,82678,110.191,0.455,0.157,-25.791,0.0552,0.995,0.964,0.0818,0.238
1BanpFyJioSTmlvbOZV7PH,6,0,3,328532,79.725,0.346,0.101,-20.649,0.0416,0.982,0.926,0.101,0.116
6FQkKkLthCsOu3RHzk6bnQ,10,1,4,159269,74.246,0.396,0.00312,-26.645,0.0408,0.994,0.903,0.195,0.296
3QogxunDQOwBYa02o54yua,3,1,3,166968,73.809,0.34,0.00647,-23.482,0.0911,0.994,0.948,0.121,0.299
16fgv40PtkDgZ8Uxc0vVIE,0,0,4,210699,66.906,0.292,0.0602,-24.765,0.0343,0.991,0.867,0.0973,0.127
7btdw719iIZSKrSIT3jBbe,7,0,5,122000,62.315,0.306,0.0251,-28.95,0.0528,0.99,0.927,0.0848,0.0864
3kSFXCuf9j48uoK9v6hBUr,9,1,3,245076,65.828,0.41,0.0514,-24.708,0.0448,0.995,0.92,0.07,0.122
4SPynMwpQbwFeeyGnxAzsZ,2,1,4,239582,72.914,0.537,0.0277,-20.195,0.0712,0.994,0.929,0.107,0.123
1AzwnBktnydrkATxtFZrUD,9,1,3,290952,71.831,0.291,0.0701,-18.906,0.0635,0.994,0.896,0.0828,0.175
3fhCa3f56ZQgG7Rjcu73pU,4,1,3,252007,71.753,0.4,0.0577,-22.591,0.0579,0.995,0.923,0.0677,0.0389
1c6UwDqRjUFI7fU6QWuB34,0,1,4,204773,172.01,0.68,0.736,-10.821,0.105,0.717,0.134,0.181,0.966
63NcnnaWnKPloi4iOn6MFs,10,0,4,283077,97.507,0.535,0.941,-3.374,0.0606,0.268,0.718,0.0894,0.116
0liD3NiLb58kW3iHZRgvCH,4,0,4,291790,95.042,0.666,0.977,-2.875,0.409,0.0162,6.12e-05,0.122,0.191
7wy6kFkEftiRupEsVx0tGy,7,1,4,281553,180.036,0.467,0.979,-0.775,0.0846,0.000366,0.504,0.0537,0.0567
1ffp8vkXC6847VLLCHU7L3,7,1,4,285538,97.498,0.637,0.997,-2.107,0.144,0.0674,0.71,0.678,0.277
1yF6plBHsFzFQwcXezgdj7,6,0,4,326400,100.005,0.58,0.985,-1.169,0.184,0.00191,0.777,0.136,0.0368
13DUfnglxEezPqxfdugjdQ,2,1,4,330000,100.009,0.689,0.99,-1.371,0.304,0.00274,0.391,0.101,0.0755
5Ne29wqK7gYMgXGNnMZria,8,1,4,272400,100.01,0.577,0.998,-2.709,0.265,0.0193,0.321,0.384,0.0438
21BramDZ46doCrZRW6Xefg,4,0,4,235200,99.992,0.669,0.995,-2.507,0.237,0.0033,0.95,0.088,0.157
60ep9i3X1Z6khbAjcbKpoe,2,1,4,255446,100.998,0.644,0.998,-1.163,0.109,0.0308,0.881,0.825,0.126
6zfu6kg5TkFfkMCGQc67D1,9,1,4,243900,99.999,0.753,0.991,-1.599,0.107,0.198,0.761,0.115,0.448
6FWCYMbIAvJADiyeQW9MfV,9,0,4,297305,102.469,0.813,0.99,-2.72,0.341,0.179,0.514,0.361,0.161
33pDV90OLUgkI6EJufm3rH,4,0,4,243582,100.511,0.65,0.998,-0.942,0.251,0.034,0.741,0.271,0.167
6BNI6u25PssQ92NVP3duuu,1,1,4,280976,102.514,0.507,0.999,-0.383,0.0658,0.168,0.969,0.15,0.0318
3aQg1bCZbWa0ZuGu7w5leN,4,0,4,346800,100.005,0.574,0.99,-2.548,0.192,0.108,0.604,0.214,0.0393
201klGILCnjJ5pWquhPSj4,0,1,4,275122,102.56,0.61,0.995,-3.203,0.122,0.00176,0.423,0.0837,0.0562
6zx3hojv06r5sJYAhiADjg,2,1,4,287308,103.981,0.603,0.966,-2.882,0.144,0.0374,0.00329,0.255,0.145
2yrfA1PLlbPrraRDw0oExc,0,1,4,269268,102.558,0.629,1.0,-3.115,0.324,0.0618,0.549,0.626,0.0355
68spEFFsVJgGKwJODPPAgJ,2,0,4,318445,101.008,0.685,0.994,-1.769,0.234,0.163,0.426,0.587,0.0576
0fiffQSMJCY8asQzt615Yb,6,0,4,328733,102.49,0.365,1.0,-1.93,0.216,0.335,0.866,0.253,0.0315
2y25LBnDqoBCaEFhyswc0y,1,0,4,320000,105.009,0.635,0.968,-3.253,0.0779,0.217,0.644,0.0742,0.0579
4IBBSWyyFSAgdhk4GzGDb1,7,1,4,347429,104.974,0.617,0.908,-4.005,0.0849,0.000519,0.474,0.284,0.0341
0ytSsfjS9MqhCKRWSfkpRC,10,0,4,308571,104.963,0.623,0.947,-2.818,0.0475,0.00326,0.779,0.293,0.0418
56VtSvTk80z2uK5luDjdTN,4,0,4,342857,104.994,0.616,0.99,-2.163,0.0562,0.000368,0.63,0.301,0.422
3upr2kiqNyRPi8TtMDLoxa,9,1,4,243231,130.008,0.666,0.974,-1.438,0.0941,0.171,0.0789,0.298,0.606
5onmL8aJKyFBNZFV4Hw03o,8,0,4,209107,124.959,0.813,0.869,-6.366,0.16,0.082,0.0,0.057,0.903
7r6LNJT2LqpLpEyZQJPygt,6,0,4,189480,152.984,0.86,0.561,-5.757,0.185,0.274,0.0,0.108,0.354
5Q9GlWZ36tLD98An8hmtTl,7,1,4,318520,74.938,0.394,0.705,-7.973,0.426,0.0104,0.0017,0.278,0.363
35R4dLhlSbpnUoBYNdADu5,8,1,4,189027,150.011,0.662,0.824,-8.016,0.102,0.0212,0.000149,0.343,0.573
2BcvvHttiZRvguFM4hR398,2,1,4,250000,115.066,0.684,0.482,-12.59,0.0384,0.475,7.32e-05,0.118,0.785
1d8njyFuCJ7erh0ogNYOjA,5,0,4,255893,102.847,0.752,0.969,-4.437,0.215,0.0304,0.0,0.333,0.391
4mSp2FCzwGUN58aurJawQq,1,1,4,337014,87.816,0.728,0.654,-7.044,0.243,0.0158,0.0,0.343,0.657
38mndEUsA9kxpIAjeVbYfj,7,1,4,375747,176.501,0.69,0.783,-6.251,0.286,0.0115,0.0,0.155,0.681
4fxOCTCTQtsrbK6y1K9JH4,11,1,4,314707,98.528,0.799,0.87,-4.804,0.316,0.0095,0.0,0.18,0.883
34qRaB0UXgpisNRtlwKVl3,7,1,4,301240,95.118,0.621,0.931,-2.734,0.199,0.00935,0.0,0.393,0.544
0Qp37xG9JmIpYURi8xJl3E,8,0,4,263093,95.054,0.807,0.794,-5.618,0.282,0.00586,0.0,0.207,0.966
4F8D01lJdSuAdjrITYbndS,7,0,4,259587,82.391,0.687,0.884,-3.473,0.0723,0.241,5.67e-05,0.1,0.763
40Ox62n7E0TWKvqIMjRukn,2,1,4,267600,97.815,0.783,0.946,-4.457,0.296,0.0386,0.0,0.303,0.497
3RkobPmN4GL3QcudJz39jG,8,1,4,253653,91.03,0.825,0.726,-4.076,0.066,0.0601,0.0,0.113,0.771
3deidnsqYgdvqhYQAuDkUA,7,1,4,233653,96.734,0.737,0.833,-4.432,0.209,0.0277,0.0,0.463,0.746
6FAhovGOdGWBACS6abhDVN,2,1,4,268187,180.477,0.712,0.897,-3.585,0.219,0.00516,0.0,0.26,0.852
0qCk1NFHVG2rbhAUj7ZRme,7,1,4,249413,91.214,0.668,0.964,-4.228,0.221,0.0127,0.0,0.138,0.625
51t4FGRUdqV0lPgEF9gW4W,1,1,4,219320,98.754,0.818,0.845,-4.942,0.205,0.222,0.0,0.328,0.747
0yyKdS5FwrXOpl4MoDf0fb,9,1,4,206933,92.903,0.835,0.699,-6.719,0.256,0.00978,0.0,0.347,0.546
78oNGR2iDSvlpWNluDIpBJ,7,1,4,226120,95.036,0.777,0.695,-6.677,0.143,0.0117,0.0,0.0805,0.86
3AbBZ6Hccqpiu3xAHRX4fI,9,1,4,272907,180.449,0.666,0.75,-6.421,0.378,0.103,0.0,0.439,0.572
4zo42F8nCyde4ZRBiaHPNp,0,1,4,222467,189.655,0.608,0.667,-8.068,0.47,0.116,0.0,0.33,0.876
05shBDqaKqJUQC2ZUgDMj9,1,1,4,303973,93.963,0.861,0.771,-5.396,0.245,0.00894,0.0,0.173,0.813
7LnygUHFEzWCj1dK10ZJCB,8,1,4,206425,149.973,0.524,0.881,-3.806,0.0298,0.00384,0.145,0.196,0.208
2LYJsIONrRG3p43Pd9nUs7,5,0,4,157500,127.936,0.771,0.823,-4.953,0.202,0.00147,0.307,0.557,0.443
41jDpQ9b2VnVdsYEy2nC7z,11,0,4,210200,72.99,0.816,0.508,-7.471,0.143,0.0289,0.000516,0.112,0.507
4Imia2tECyRy3M3Y0a5HT0,6,1,4,166909,100.226,0.698,0.467,-7.757,0.28,0.363,0.0,0.0985,0.744
3IILlPnW0JkeDnXX1dZcvK,9,0,4,210000,123.018,0.833,0.597,-7.724,0.0461,0.345,0.00062,0.0898,0.727
4O15qWjQNzYsYsMPo0brOl,8,1,4,197102,99.948,0.752,0.654,-7.823,0.149,0.0719,0.000511,0.18,0.713
4intrSQ9Srvb0kIhhyAYsp,9,0,4,196282,99.999,0.903,0.56,-6.394,0.161,0.343,3.39e-05,0.0947,0.696
7bxqoTOP2kApkqsTdo37BP,2,1,4,128323,117.023,0.957,0.644,-5.597,0.121,0.0632,0.0,0.0655,0.678
24aJCthiKS0MMGxP6XGt63,2,1,4,178348,110.994,0.815,0.622,-9.621,0.0796,0.0265,0.00318,0.095,0.436
1p5eY3e4TzE47ORta2U8WW,2,1,4,241478,111.001,0.864,0.682,-6.81,0.0964,0.00906,0.0,0.0688,0.415
7sGeEwFZaQKM2JQSO1qoUQ,0,0,4,200353,114.963,0.72,0.486,-10.641,0.41,0.652,0,0.21,0.432
1XcJMrssb61UfeyUqrm077,0,1,3,185490,189.994,0.491,0.502,-6.453,0.31,0.0968,0.000786,0.0773,0.685
11AVYZlxCEQKT2SlYla0Ta,8,1,4,231680,128.143,0.765,0.547,-7.023,0.08,0.589,4.51e-06,0.304,0.4
7wwdQdNA4sj5my6eYkzqJ4,0,1,4,205425,96.254,0.463,0.481,-8.392,0.338,0.913,0.0678,0.153,0.472
7c5Ny3skYBWh5ByNpaUcZZ,5,0,4,300967,134.9,0.901,0.525,-5.456,0.212,0.326,0,0.161,0.164
3mA0mD8XdDg1sqp6OrJCD5,1,1,4,251309,95.518,0.871,0.446,-9.818,0.424,0.452,0,0.161,0.685
714hERk9U1W8FMYkoC83CO,5,1,4,244920,105.853,0.791,0.733,-5.465,0.0633,0.523,0.0016,0.167,0.962
37PuGmhHTzDbbaUAFKj6bJ,0,1,4,195000,127.978,0.678,0.959,-3.906,0.157,0.0661,0.652,0.18,0.664
07twXPqKLiwzFONs1dtqDO,9,0,4,192074,98.502,0.598,0.215,-13.766,0.0806,0.939,4.5e-06,0.0475,0.381
5FXdApRplJkjrNYk5Heijx,10,1,4,202212,92.027,0.842,0.343,-14.167,0.305,0.365,1.78e-05,0.0644,0.354
443ZztuwvbFurK4nGjKx6d,0,0,4,181267,125.989,0.668,0.339,-15.465,0.218,0.709,0.00014,0.0913,0.514
5hFSeXW60fn4AJm8ijEOj5,5,0,4,127149,94.001,0.897,0.373,-14.747,0.202,0.857,0.0329,0.189,0.892
2F1v57imOV1Yo7WtOMGQJk,8,1,4,199886,80.169,0.844,0.407,-9.29,0.402,0.468,0,0.439,0.89
0JLfhbS5F58tJ1ryEOvlhU,1,1,4,184675,86.0,0.841,0.323,-13.755,0.227,0.679,1.03e-06,0.302,0.58
2YCIZ5PhUwFvJytHpCpm3x,0,1,4,167909,124.058,0.784,0.517,-9.812,0.362,0.38,0,0.4,0.649
0fMq9zamgBcHG6w25Gsjou,7,1,4,161027,124.003,0.725,0.232,-13.935,0.0436,0.952,0.00339,0.137,0.477
6ernifl71J5WOrfhqQlMlv,7,1,4,210989,113.029,0.773,0.403,-14.528,0.0776,0.692,0.233,0.0876,0.0936
6iC5sQyAawgSiVGPO0ya87,0,0,4,208945,168.153,0.696,0.435,-11.779,0.584,0.835,0,0.167,0.345
6qQ3ltysjyyckQUBj1WRCk,11,0,4,213745,123.985,0.917,0.412,-10.743,0.103,0.156,0.000241,0.153,0.598
6rYOnIE20kJhEW0taVA4xj,11,0,4,185733,127.993,0.918,0.741,-5.389,0.102,0.0121,0,0.0804,0.813
6c7q4ZfJhsByc5cKH1cLOl,11,0,4,172238,127.908,0.86,0.901,-4.171,0.236,0.0335,0.000189,0.119,0.554
5V3mdRI2yQxbSsJGDPc5lD,7,0,4,210240,127.204,0.42,0.929,-3.899,0.121,0.000353,0.000747,0.122,0.3
6on8wcp5gahsjj3Jgmbp8l,7,0,4,226280,105.02,0.858,0.848,-4.583,0.0376,0.0352,0.167,0.374,0.757
0vIwhPGBrTcrYM1f7u9grh,7,1,4,219129,120.961,0.789,0.698,-7.842,0.0304,0.59,0.802,0.11,0.705
4gMm7Axp7I79DAfihmS7xz,9,0,4,176833,111.991,0.581,0.789,-2.934,0.0347,0.341,6.5e-05,0.696,0.217
5tTx3IUCPSx7ZIMPoulrbP,9,0,4,243526,138.032,0.754,0.703,-4.705,0.0557,0.196,0,0.0801,0.508
3ui0YgIy7kT4xoxvKpzbSu,9,1,4,216713,136.004,0.768,0.628,-4.987,0.0456,0.217,0,0.0743,0.359
7sW5zXqXkTENShMjg5ZC5B,8,0,5,271924,130.811,0.457,0.839,-4.087,0.1,0.215,0,0.602,0.277
4odAKkQKy6VEf90JSo9x6j,11,0,4,249081,119.969,0.699,0.788,-4.253,0.0574,0.075,0.000383,0.421,0.516
5zwmgXYZiEGNqrkzbkJ3zx,9,0,4,208307,141.93,0.556,0.789,-4.986,0.119,0.0897,0,0.107,0.286
7a45VftuVM0aCTL9QvYj5e,11,0,4,256947,128.032,0.785,0.58,-5.826,0.284,0.577,0,0.0818,0.688
6FpPTZhrbd0pyYi5NUer6B,6,0,4,251550,114.983,0.689,0.501,-7.32,0.102,0.723,0,0.0983,0.339
0rskzdGXXc0YAcZKHUroG3,5,0,4,212842,117.994,0.828,0.422,-5.835,0.0749,0.31,0,0.112,0.239
5T0AL9D9359tle4qRZlGTL,6,0,4,204600,99.959,0.658,0.765,-4.619,0.0918,0.561,0,0.122,0.399
5iZ1VgYabUt0196vPciQDW,0,0,4,252747,125.979,0.557,0.559,-5.278,0.0379,0.416,0,0.0781,0.447
0hex3tZT6ZWwjeIkB2IfCK,9,0,4,246610,124.022,0.749,0.804,-2.987,0.104,0.305,0,0.123,0.575
5LGGmLyc6gC8VGwrNcbzvx,9,0,4,255158,120.029,0.565,0.652,-5.038,0.0299,0.0147,0,0.276,0.289
1jmBQusO4Mx984ORIzyuoS,7,0,4,282250,143.992,0.701,0.748,-6.285,0.0919,0.0788,0,0.363,0.412
5K5IOoRDE4HiUoY05KIcRK,0,1,4,123544,100.823,0.679,0.65,-7.027,0.0293,0.043,0.00038,0.134,0.299
1I6c9aecq7oWkIKPg11kzA,8,1,4,245609,88.0,0.637,0.851,-5.624,0.0491,0.00991,5.42e-06,0.0871,0.267
6JIBMriPPgzJvX080yaFdN,11,0,4,240378,140.008,0.396,0.56,-7.202,0.0715,0.153,0,0.147,0.289
615MXUmeRbOWVebAEXvWV7,1,1,4,75027,106.126,0.746,0.828,-10.267,0.54,0.376,0,0.0923,0.181
6MngwIA0YS2X0PdQsqJppL,1,0,4,243392,81.813,0.363,0.666,-6.517,0.441,0.0389,0,0.678,0.288
5eX78VCIia3G4A6tbdV5n3,8,1,4,404593,132.305,0.62,0.638,-6.285,0.0652,0.13,0,0.215,0.184
1GeLUnMQ54ZcHi4SWIwXvJ,2,1,4,249159,80.11,0.57,0.792,-6.027,0.196,0.45,0,0.12,0.274
1enKSiPjuUZxtrTNQ9GrCe,0,0,4,244828,116.014,0.594,0.307,-10.041,0.0421,0.124,0.0493,0.179,0.309
5DCDQrGTicnXu84p9G4pGu,7,1,4,387835,81.994,0.636,0.739,-7.01,0.0927,0.0243,0.000994,0.748,0.075
1bImUrWcNytrq3bkh1wDZX,1,1,4,227227,120.012,0.783,0.606,-8.266,0.106,0.173,0.000794,0.123,0.259
6AbjIGt9CexN3Nd5HsP7iK,1,1,4,233280,74.529,0.665,0.754,-5.422,0.287,0.475,0,0.388,0.64
7LKIeHaJ7no5UqsWO4jQaC,11,1,4,156015,130.05,0.757,0.678,-5.976,0.172,0.0397,0,0.295,0.404
4J65Bi9r8pf69DBqddGIwF,1,1,4,226013,192.976,0.65,0.782,-4.719,0.386,0.221,8.94e-05,0.108,0.877
28n5ZokbBwRke2JxhteOW7,1,1,4,161853,106.539,0.668,0.414,-13.585,0.365,0.0123,1.25e-06,0.0982,0.339
0TVJKYltWFpXSC6B0asrJM,10,0,4,178013,92.129,0.753,0.556,-6.921,0.167,0.548,0.00544,0.111,0.495
3Mo5hQ4oO2CGUhqo4DT0WO,2,0,4,238800,115.95,0.815,0.715,-6.886,0.107,0.43,0.0,0.0962,0.765
4YaJoXWIRZnPB90Je68WmN,7,1,5,204268,108.131,0.49,0.781,-5.58,0.323,0.000463,0.0245,0.149,0.432
3y7YMhVbLUDwpCOlQCHb27,10,0,4,132827,121.487,0.857,0.74,-4.387,0.25,0.0989,0.000226,0.163,0.552
1IQAOnQMPaonBkJ2K7hYKQ,2,1,4,210520,78.997,0.572,0.678,-6.472,0.464,0.249,0.0,0.204,0.477
577b0Y6WnzOySOgUYEzWQ0,6,0,4,272387,94.981,0.773,0.493,-7.562,0.422,0.402,0.000479,0.0846,0.561
1QqGLcUNYeM0ix2W8Jq2PW,11,0,4,260513,95.002,0.836,0.602,-7.35,0.312,0.465,2.64e-05,0.162,0.609
0k6N5XdICbqEo8CUyj54zQ,3,0,4,185067,98.962,0.621,0.864,-7.276,0.344,0.162,0.0,0.0981,0.87
5yzJNB0fHoP6V4f3ddpqv4,3,1,4,227093,86.701,0.589,0.521,-7.0,0.445,0.337,0.0,0.141,0.557
64d72rww8AQh6EUFWM1ASc,10,0,4,264080,91.58,0.516,0.706,-3.168,0.236,0.0167,0.561,0.11,0.203
0KcknnFoaJlY4bFxzGRovD,1,1,4,203480,92.033,0.698,0.764,-5.823,0.113,0.025,0.000113,0.472,0.573
0GxSE6kPfaLRRNpJZZeBiy,6,0,4,238093,131.594,0.663,0.948,-5.643,0.376,0.143,9.27e-05,0.484,0.284
48apt8jBa6xcsmHbtqEjlt,11,0,4,513320,71.792,0.495,0.447,-11.883,0.203,0.0731,0.0296,0.806,0.248
5AILgpLHx8CQrbThBfSzNn,5,1,4,269640,84.519,0.603,0.81,-6.754,0.315,0.0813,0.0,0.251,0.728
7rjLH0lYtYrNZoZPfE6M0e,7,0,4,268200,175.469,0.476,0.646,-6.159,0.359,0.39,8.96e-06,0.643,0.775
32Psx3vgE9kHZEXsnMuKRi,1,1,4,171507,88.077,0.499,0.665,-8.033,0.341,0.088,0.00105,0.23,0.34
61ti4XQFbT2sCnntlhA0Ks,7,1,4,350707,130.062,0.65,0.592,-8.563,0.0384,0.00102,0.00052,0.0691,0.219
4xZjaqFr8l6VSDINGRijAl,10,1,4,140080,113.98,0.766,0.781,-9.331,0.122,0.491,0.0188,0.345,0.578
5ftZG857nd4RToNR7sTLgJ,2,1,4,197880,124.35,0.793,0.726,-8.727,0.0851,0.409,5.97e-05,0.0572,0.514
3f9ZD6YFHwAcYxd1iHbNXK,1,0,4,225147,77.364,0.691,0.409,-9.244,0.128,0.247,1.44e-06,0.117,0.361
1ljgNExHC2hfvhwyWg0Dqs,6,0,4,347453,100.351,0.578,0.773,-11.088,0.419,0.0453,8.65e-05,0.104,0.167
278flqoZwDROtHCn2KVBbq,9,0,4,323187,88.958,0.697,0.727,-8.403,0.0573,0.112,0.00023,0.192,0.67
6dqW9qUD0gS3w8gdo1A6k2,1,1,4,178227,138.577,0.684,0.455,-7.333,0.187,0.153,1.68e-06,0.499,0.168
7wnJecRqYazg1r2ofdiSYd,8,1,4,493714,140.016,0.688,0.64,-9.879,0.0621,0.131,0.764,0.17,0.109
2lIkUI8b2LPRZPwjzaWX2S,10,0,3,354781,103.537,0.295,0.936,-9.83,0.0562,0.0348,0.54,0.169,0.0807
5EPQXIxxry2D99lq31Hdu7,11,1,4,233373,140.081,0.83,0.672,-4.199,0.333,0.0362,0.0,0.106,0.406
0fWanbwwc3rPswxcZgxA1Y,6,1,4,212334,128.088,0.647,0.662,-7.056,0.0438,0.0691,0.0,0.375,0.557
5eL54JXcP2ek3inlRT1btA,6,0,4,336000,120.001,0.793,0.656,-8.541,0.0426,0.00812,0.929,0.0859,0.168
2iPAvSXOq75RdIHp1faJaS,2,0,4,351500,122.006,0.564,0.856,-5.173,0.0271,0.00224,0.00156,0.0831,0.236
3depufthCjGwnxKTJmGUIQ,4,0,4,295000,120.023,0.808,0.643,-12.033,0.0592,0.00349,0.882,0.0369,0.547
0ZJJ6HIQu9eXINphSoPIbo,1,0,4,274552,125.021,0.815,0.559,-10.534,0.101,0.0463,0.691,0.201,0.817
0Mb62A4I6ObexU9Zo7UUli,9,1,4,350769,117.004,0.807,0.704,-12.42,0.0578,0.333,0.934,0.0816,0.299
1Bngh0EHn6Cnp64fn9pOCN,7,0,4,350609,114.999,0.843,0.864,-8.045,0.0779,0.00947,0.858,0.0485,0.504
1a3PxfP8skmvAsvQWg1p26,4,0,4,336410,117.045,0.722,0.918,-9.214,0.0406,0.0156,0.871,0.0704,0.85
2lbhpO1jEHeKBfn8RmW8Fl,7,1,4,376000,119.98,0.727,0.762,-14.035,0.0584,0.0233,0.732,0.0493,0.707
19oqK3qhBiFYQMV3gToJjc,11,0,4,426000,122.008,0.677,0.828,-6.789,0.0388,0.0629,0.867,0.0646,0.883
0VptNzAFcvAjQUMDns5Jv6,10,0,4,416047,119.999,0.811,0.492,-13.379,0.0624,0.0176,0.828,0.0912,0.53
3IL073UyO2WKLbXWIea2R3,1,1,4,324207,119.012,0.758,0.906,-6.841,0.0763,0.0252,0.0303,0.0514,0.917
58Xo76Rsr4oDq4nuBlrllV,8,1,4,202000,126.074,0.675,0.654,-6.04,0.028,0.0476,0.007,0.184,0.394
05SoysAH6o5S3oY4XGHglx,0,0,4,328284,122.966,0.722,0.505,-12.066,0.0331,0.287,0.683,0.129,0.306
1KnNwhIWL3uVZ7UDqTKhzI,2,0,4,265265,125.005,0.766,0.423,-6.591,0.056,0.00247,0.893,0.102,0.417
59GLEEtDsVhp0dagtswyjo,9,0,4,262013,125.005,0.829,0.489,-10.024,0.148,0.0201,0.828,0.0516,0.167
0tOM8vHLrisMKEwfD4aHn7,1,1,4,318216,122.999,0.801,0.812,-9.661,0.0577,0.0619,0.834,0.0778,0.344
3Yg0gCYp6loqKmVnPwWwZS,5,0,4,285000,116.002,0.529,0.656,-9.716,0.0267,0.0445,0.903,0.192,0.217
5Wlq1ijwaaqEdpsaGSBZ6M,9,0,4,238789,121.0,0.638,0.949,-8.584,0.0399,0.00571,0.88,0.341,0.337
3YBM4CjYCAEr4uHSTyKrJh,0,1,4,424395,120.012,0.809,0.478,-8.121,0.0508,0.00176,0.656,0.0726,0.502
3w6RNOLsukilsId29UZDn2,0,1,4,443514,122.015,0.614,0.56,-14.537,0.0389,0.199,0.902,0.123,0.359
1nVF8VtwWRWgXWv61KuR2g,0,1,4,385000,119.999,0.856,0.624,-9.084,0.0782,0.000193,0.84,0.0728,0.237
5PcYEmxaVozbpfqK6ff1Wg,4,0,4,340000,121.993,0.782,0.651,-9.215,0.0814,0.00105,0.857,0.0321,0.389
5Qel0p5zNthYQKLq9T4eAx,0,1,4,161000,121.956,0.879,0.571,-7.261,0.0684,0.166,0.00193,0.12,0.305
2O5Y6CUcMl4BAuie76pFrk,9,0,4,368000,120.014,0.837,0.95,-6.365,0.0332,0.00985,0.915,0.0792,0.972
3uPTtjxCrHOvGFzhyUmcOG,1,1,4,352000,120.0,0.809,0.725,-9.862,0.0469,0.0201,0.918,0.078,0.961
3fdxzxDDfkzPTYCTBXQIZ0,10,0,4,346800,122.006,0.71,0.907,-6.396,0.0555,0.172,0.314,0.0877,0.47
3WyvghEbSRefSZ5cIzdRTw,9,0,4,368000,119.993,0.852,0.484,-10.002,0.054,0.00585,0.926,0.0807,0.612
2QQVP5hmrt9RF3boidyDwD,0,1,4,279272,109.999,0.685,0.731,-12.285,0.0298,0.714,0.947,0.105,0.378
5daDMTqsqEcI6nzKUzxVyn,11,0,4,381639,121.987,0.807,0.837,-8.382,0.0501,0.0036,0.861,0.0663,0.646
1qPR1fa8vUjYfd5RpWXBd7,10,1,4,341670,124.999,0.796,0.723,-10.429,0.0547,0.298,0.899,0.0847,0.45
0FXRBeZL54YtLntrUNn8v6,2,0,4,316108,123.022,0.866,0.668,-12.154,0.0783,0.00391,0.742,0.0614,0.809
0fbaJHg26hccqytnGVRbRa,7,0,4,480000,122.99,0.363,0.762,-8.726,0.0513,0.491,0.844,0.106,0.0916
0XV4xj4ewfNzlZG29Izt6F,9,0,4,441500,123.985,0.573,0.845,-5.405,0.0321,0.0078,0.922,0.0578,0.104
4KZMoWjHcZ6hHaTTOFPuCZ,9,0,4,214068,118.035,0.717,0.808,-6.969,0.0308,0.00131,0.103,0.123,0.557
37SDTz2uEPEvPfXfL1t8tu,11,0,4,410880,125.007,0.802,0.714,-8.497,0.0626,0.00493,0.871,0.26,0.952
7h5y5WxVzSnIiCCuOpO82h,11,1,4,394800,122.012,0.742,0.603,-7.62,0.0458,0.0253,0.165,0.101,0.21
64SuLW8EyUbjaYbcAJb6hn,0,0,4,360302,119.99,0.56,0.929,-3.872,0.044,0.0613,0.773,0.988,0.396
5lJyPub6LAaeNOEAz4FvEM,9,0,4,339314,119.988,0.797,0.757,-5.517,0.0609,0.00758,0.0116,0.0826,0.545
6LkispeoyyhnWbGT5khGBJ,7,0,4,360000,119.992,0.56,0.912,-7.452,0.0374,0.00917,0.83,0.226,0.0219
6pgT5hJLZjCDYPOiEyCdUh,9,1,4,444500,121.998,0.739,0.79,-6.297,0.0334,0.0063,0.00644,0.0197,0.602
6oWNGBcOQGceQCX8b0pWZs,0,0,4,416000,120.01,0.796,0.548,-12.061,0.183,0.0319,0.861,0.0614,0.645
7GaYtKjZSz2XrkkoYTCMVG,10,1,4,351500,122.019,0.673,0.811,-7.211,0.0376,0.00226,0.22,0.0844,0.0615
5scEsF0OcfUfAgeQDlXHbq,10,1,4,510000,122.001,0.638,0.68,-7.672,0.0392,0.0154,0.777,0.623,0.5
7lJhJrGDhWxfQ1VmpyDjif,7,1,4,324011,125.008,0.783,0.469,-10.733,0.0769,0.00443,0.884,0.0793,0.583
5kHHdJ5DOgSC4t3jtoly7s,10,0,4,308547,121.977,0.861,0.51,-8.073,0.0847,0.1,0.816,0.103,0.81
6T9UNtMELN9CVZFAc7F11l,7,0,4,368000,120.011,0.878,0.697,-11.643,0.134,0.0306,0.947,0.0488,0.748
73CjcLlUoYiEQYAfDPiSxC,7,0,4,374568,129.994,0.679,0.536,-11.818,0.041,0.00412,0.752,0.0646,0.421
7KfddFiJ3c1cPxyN07dTSF,1,1,4,350342,117.99,0.728,0.444,-11.041,0.0399,0.113,0.873,0.0767,0.274
6CicGGF3xF7ekokaGC55LW,9,0,4,310000,119.996,0.861,0.543,-10.168,0.0429,0.00732,0.157,0.652,0.485
6TGWb4exnqHiVH79CXRChq,9,0,4,308000,127.999,0.679,0.788,-10.168,0.11,0.247,0.37,0.584,0.329
0jyEgENBwbqCZHMykyLWLS,9,0,4,238125,92.021,0.861,0.457,-8.054,0.278,0.19,1.12e-05,0.0869,0.308
17Avz139kkcBdm5gvUZtzC,9,1,4,206315,127.899,0.672,0.685,-7.595,0.0467,0.226,0.0,0.422,0.594
6YZdkObH88npeKrrkb8Ggf,8,0,4,199693,91.03,0.716,0.908,-3.254,0.103,0.0858,0.0,0.135,0.869
1WRy5l3TwrwlzNmB5bOeKw,7,1,4,212947,133.051,0.724,0.456,-10.009,0.127,0.215,2.41e-06,0.105,0.0481
4oew1mJmqFITgwGG7QZl37,9,0,3,328907,98.858,0.373,0.56,-7.615,0.0448,0.132,0.0,0.381,0.187
28XwBLUtFxOGoWzovwsdyJ,2,1,4,255787,99.991,0.703,0.699,-7.322,0.044,0.00113,0.000779,0.246,0.0393
1my81o4N4vaHpcMlA3Gj4y,2,1,4,297373,87.694,0.442,0.421,-11.455,0.137,0.376,7.23e-06,0.139,0.111
6H7b2XG2xcpctrl602BwGl,7,1,4,240653,193.668,0.581,0.673,-7.111,0.162,0.032,6.38e-06,0.116,0.209
7JnEdTyLhvRAZUg8z53Gx3,7,1,4,209413,129.97,0.785,0.633,-8.223,0.169,0.0259,0.0,0.368,0.244
5rn98Px14UpOBtDuhZAAvV,1,1,4,253533,82.918,0.62,0.722,-7.022,0.322,0.0733,0.0,0.273,0.365
2DTNkIFrsB8nQ5Gt8vJAmZ,0,1,4,333947,119.237,0.66,0.311,-8.681,0.113,0.625,1.29e-06,0.116,0.357
4p3hA9qjCRix74GyuI3Qm5,1,1,4,195053,127.97,0.872,0.407,-10.036,0.256,0.152,0.000188,0.112,0.802
5csyFWmmFlqKXh3ehjom3H,1,1,4,290133,99.979,0.536,0.446,-10.489,0.162,0.104,1.01e-05,0.323,0.157
7juAP7GZBF0Dtm0qqLSWOJ,0,1,3,189853,133.958,0.834,0.438,-9.577,0.152,0.0212,0.0,0.649,0.207
6F609ICg9Spjrw1epsAnpa,10,0,5,245227,122.976,0.607,0.476,-11.076,0.249,0.0773,0.0,0.113,0.347
1xznGGDReH1oQq0xzbwXa3,1,1,4,173987,103.989,0.791,0.619,-5.886,0.0532,0.00784,0.00423,0.351,0.371
5iemvGR1EraL9s3XvohIP3,1,1,4,220427,145.116,0.711,0.44,-9.509,0.471,0.00175,2.73e-06,0.0798,0.121
2YuurylylBcB0fJ8ho5soN,1,1,4,241400,160.027,0.691,0.482,-11.14,0.231,0.0173,7.1e-06,0.197,0.305
11KJSRSgaDxqydKYiD2Jew,7,1,4,263373,117.983,0.804,0.648,-7.805,0.117,0.0573,3.49e-05,0.102,0.392
7JANfTi37pZykRjB1JvPTV,4,0,3,106333,131.962,0.687,0.267,-8.818,0.0297,0.372,0.00411,0.0992,0.307
2ZB8Zwf6wd3PUMlSJKR2bG,1,0,4,238120,79.839,0.709,0.259,-14.341,0.0892,0.0803,0.0,0.0855,0.265
6Q9FvTex292zY3qUpPTptJ,5,1,4,311960,78.119,0.446,0.871,-5.837,0.367,0.07,0,0.243,0.0795
2FBUoWkIuQXwayw2RNo5l6,2,1,4,267067,134.96,0.903,0.62,-8.094,0.0587,0.00347,0.000119,0.0504,0.539
3QSaGnuAZr9JmXZu5NHZWM,1,0,4,281653,121.023,0.599,0.63,-8.782,0.0375,0.0255,0,0.108,0.2
4QA1rPnK6xHcRt4iML2gM4,7,0,4,327273,108.432,0.487,0.594,-10.513,0.256,0.663,0,0.354,0.419
0UhcQgiZ72wlFys0yNHoSK,8,1,4,225292,87.153,0.431,0.668,-8.48,0.295,0.187,0.000406,0.503,0.301
51xvFEYieUR6552SXV9b5u,7,0,4,247823,110.033,0.713,0.411,-6.789,0.054,0.135,0,0.0999,0.73
5FPuQAGmBtEus1TZtsw0aM,6,0,4,187257,163.933,0.577,0.662,-8.358,0.0771,0.13,0,0.142,0.446
0GbZw9sKw8CL3jum6tHSBQ,7,0,4,370914,110.087,0.685,0.46,-7.853,0.0726,0.0479,0,0.0918,0.277
6K1ILiGWIsS4btPHY02ZIi,3,1,4,314182,109.768,0.643,0.419,-8.987,0.0811,0.177,0.00019,0.0893,0.265
1Y9ejtm5eTMYCU23pnkLvv,11,0,4,377952,119.971,0.577,0.507,-9.399,0.0442,0.224,5.79e-06,0.494,0.25
36RlgMp6EFHKc2NEQ882nF,11,0,4,433535,118.007,0.516,0.394,-11.324,0.274,0.662,0.00268,0.547,0.0393
3PX0j5DH4BrMQ38usCYUwx,1,1,4,195152,98.946,0.791,0.531,-7.432,0.0714,0.00444,0.000225,0.16,0.139
1LLQm9kM9QrCSUQr1deDZy,11,1,4,227442,172.141,0.733,0.716,-5.727,0.242,0.2,0.00106,0.151,0.554
6kaSj9Fj3HE3KZdtkwIUGo,4,0,4,269693,96.348,0.545,0.805,-6.145,0.271,0.0233,3.32e-06,0.779,0.354
3uu1okvmDnilxg7Dkm11vQ,5,0,4,196285,99.957,0.821,0.931,-2.14,0.315,0.203,0,0.127,0.736
2WzpOMkCaakq1T3luPCjLH,11,0,4,275840,114.413,0.733,0.412,-8.687,0.225,0.196,0,0.342,0.179
0CYTs1KMCaP9sRjCOImD6R,7,0,4,257898,165.039,0.611,0.576,-7.091,0.26,0.158,0,0.127,0.235
40YcuQysJ0KlGQTeGUosTC,0,0,4,251467,111.995,0.756,0.674,-6.518,0.0959,0.0184,0,0.158,0.389
4YjSWTau6Z5OjL7RRob40P,1,1,4,161853,106.581,0.673,0.42,-13.582,0.332,0.0118,2.72e-06,0.0868,0.313
6h9N19LonRj0ZsVa60APmh,2,1,4,286200,106.356,0.807,0.726,-5.017,0.184,0.103,0,0.297,0.713
22Wcrjktn8LMeDGPSryNNE,3,0,4,185067,98.962,0.621,0.864,-7.276,0.344,0.162,0,0.0981,0.87
48QHP2patdeTG44Z65jHin,6,1,4,216307,95.152,0.505,0.801,-4.986,0.422,0.0126,0,0.112,0.327
75tI8w6PswFvMKB8zmVpMD,7,0,4,182833,99.886,0.757,0.593,-6.354,0.168,0.0521,0,0.251,0.496
52riputZ4Vo5PG9MOSy6r5,10,0,4,236227,90.013,0.912,0.416,-5.943,0.164,0.437,0.306,0.09,0.677
1TJ5kbZ2cvYo4WX1SLorCr,9,1,4,179453,88.044,0.722,0.408,-8.3,0.112,0.458,0,0.266,0.395
0P0SJSYSQx2bfBiVJX7dUN,5,0,4,201867,135.05,0.836,0.888,-5.564,0.0517,0.344,7.03e-06,0.0534,0.965
4MJGyUU5wmJf6XwblvsLMC,1,1,4,302547,130.109,0.73,0.829,-5.055,0.0921,0.00239,0,0.319,0.221
0NNTposa4H9tG0ei32oIWV,7,1,4,210707,83.066,0.67,0.725,-5.578,0.0995,0.0128,0,0.666,0.374
1LffpAEQpJvTsmDdetg5n7,10,0,4,196024,120.007,0.608,0.626,-6.501,0.0468,0.0274,0,0.152,0.141
6oJflQkp7lFXOQce4wPTAW,11,0,4,211885,108.901,0.489,0.641,-7.011,0.032,0.00598,0.0201,0.122,0.587
4gjRb4gaDEdvI1fK4fyVtu,7,1,4,3478810,130.074,0.651,0.895,-6.886,0.138,0.00166,0.182,0.916,0.125
3KoHXdor6Gy8ZD5umC1jIv,0,1,4,3623623,130.013,0.66,0.835,-7.981,0.0469,0.00135,0.802,0.0934,0.101
5HFpEUjJem7Wyf6rgfcNSQ,11,0,4,269200,130.018,0.865,0.773,-5.495,0.26,0.00301,0.0234,0.12,0.658
6QVMGSDvwZXUa31hWR2kqM,6,1,4,301875,128.038,0.787,0.991,-6.029,0.0516,0.0052,0.679,0.0878,0.706
34n8RHsbJPWLY1Wo4QhoMA,7,1,4,364692,127.973,0.572,0.748,-6.362,0.216,0.00258,0.399,0.0766,0.335
2TtJP9X2E20C5FTPUCD5O5,8,0,4,366614,126.971,0.702,0.905,-2.929,0.124,0.00747,0.0204,0.276,0.592
6QE6urPb5sHfp5e4RY1RUX,8,1,4,255099,128.014,0.808,0.949,-6.51,0.159,0.00385,0.0491,0.0829,0.726
4fFdsMHMmfG7c5ZNoRqHXp,7,1,4,298379,127.986,0.623,0.781,-7.504,0.0628,0.00308,0.331,0.0889,0.449
0InkKe4ZvQb2acQXVygn4X,1,1,4,373131,127.958,0.711,0.916,-3.42,0.068,0.0769,0.888,0.0696,0.112
0bb1JMprFo5VfQ0e17O1y5,11,0,4,295875,129.967,0.697,0.961,-0.68,0.093,0.00292,0.133,0.0534,0.308
4U8qHJ2QgzUCY1tbTRnUSi,6,1,4,241875,127.976,0.912,0.786,-4.628,0.272,0.0526,0.0279,0.338,0.531
4c49naLClBjTvzoasPh8jX,1,1,4,271628,128.997,0.908,0.96,-3.372,0.229,0.0362,0.419,0.0535,0.743
0n5ZSq7fopfnniN8ZfPmMO,5,0,4,330000,128.011,0.637,0.988,-2.178,0.069,0.0112,0.584,0.152,0.042
0XyIWtlfUlHFWP6IywGlOR,6,0,4,286875,128.014,0.736,0.981,-4.326,0.225,0.0016,0.179,0.235,0.101
1zwwfGh1y9GAbZKfbYNjOW,2,0,4,367500,127.949,0.529,0.923,-3.365,0.19,0.00168,0.248,0.558,0.152
02zGZ7iH55bcuYiqeUzbUf,11,0,4,267692,130.101,0.617,0.744,-0.624,0.257,0.00614,0.196,0.102,0.152
3Prpyaxkjn3I2KztrxdMfJ,11,0,4,332109,128.045,0.624,0.987,0.075,0.0854,0.000111,0.608,0.328,0.0446
1DacNTaTexgHq0q6pKoDcY,9,0,4,375000,127.984,0.784,0.904,-3.334,0.146,0.00057,0.457,0.0688,0.205
6rbmfHkqKf5CpaaR2TmgyJ,4,0,4,300000,127.989,0.506,0.833,-2.177,0.122,0.00335,0.365,0.114,0.199
5ERiKn88fCQ1gEafQCrzRl,8,0,4,370313,127.989,0.793,0.943,-3.252,0.0622,0.00114,0.645,0.0121,0.0653
3FLX7Y7ghMZPKzxlpJvPTw,0,1,4,279073,129.003,0.644,0.906,-2.975,0.0801,0.00394,0.945,0.194,0.0866
46jIGVOK9nrhB1KglWI66v,9,0,4,410625,127.988,0.588,0.768,-8.34,0.0459,0.00771,1.06e-05,0.103,0.146
6JKno30duhaFTXPrPjXTXR,9,1,4,348799,128.015,0.724,0.695,-4.963,0.0763,0.00362,0.929,0.036,0.594
6s2p0ZeVpDl94GtZCfA4qK,7,1,4,356322,128.021,0.775,0.879,-3.762,0.0521,0.00599,0.93,0.231,0.205
1sBEBNvU5ah7Pa1PNEytPz,0,0,4,406885,128.017,0.693,0.737,-7.075,0.04,0.0313,0.696,0.103,0.349
5tIZPNhFmnvbno6G031nug,10,1,4,370977,127.999,0.798,0.896,-7.213,0.0671,0.0063,0.863,0.107,0.0933
5soWMmBeXngmrShjPkGt1v,2,1,4,367792,127.991,0.734,0.555,-6.888,0.0533,0.00296,0.0189,0.113,0.296
44druTstdE3cVnsHrkmIUG,11,1,4,307578,127.988,0.736,0.819,-5.043,0.0469,0.00084,0.828,0.102,0.137
317H5OTgSkuXgs7lOSdz1T,10,1,4,413236,129.983,0.677,0.824,-7.731,0.0739,0.000557,0.799,0.152,0.0448
5nVbYNkhxqcFQNV4CPD1pk,5,0,4,300478,127.989,0.64,0.856,-4.879,0.0443,0.00102,0.857,0.116,0.434
4uZMFzMMo6oUS8oqUrcDWQ,10,0,4,258898,127.012,0.815,0.89,-3.945,0.161,0.0114,0.85,0.15,0.45
2r22IcbF4RuKgTsUhX2Uio,5,0,4,379274,127.99,0.683,0.866,-3.534,0.0468,0.000823,0.852,0.0483,0.347
05VHazcY64cMVPryB685BA,7,1,4,286025,128.001,0.587,0.877,-4.348,0.141,0.000166,0.369,0.259,0.264
6rssedhRyBUAle7zqjeYmZ,6,1,4,255000,128.023,0.658,0.951,-2.061,0.182,0.0017,0.366,0.188,0.441
6zcH76ldmdkC4dHtr5C9sE,4,0,4,295814,128.99,0.755,0.876,-4.724,0.183,0.19,0.00427,0.0651,0.295
70eIJIeFoC4FnrnDsMvY0t,10,1,4,223505,129.952,0.755,0.769,-4.069,0.0466,0.361,0.9,0.127,0.34
7xKCegleG6DxPplMPGrbGW,0,1,4,337502,127.984,0.635,0.895,-2.031,0.0935,0.00255,0.00652,0.589,0.465
7qks2qVJQkp6HIvj2RvP1u,11,0,4,337512,128.006,0.707,0.767,-6.816,0.0513,0.000398,0.885,0.0669,0.0394
6z8kcYEy4QcNiFRpx09MBf,11,0,4,363707,130.003,0.803,0.924,-1.286,0.284,0.0494,0.446,0.103,0.358
38fYpEGKFph35hqs0mICz9,8,0,4,274431,134.993,0.703,0.921,-5.244,0.0309,0.106,1.25e-05,0.137,0.859
44eiBCfup1Crvi7guwI8Of,9,1,4,194000,175.492,0.302,0.292,-9.78,0.0292,0.512,0.0,0.131,0.356
3M0wlaPiYHx7JFifmrY7aZ,10,1,4,283200,119.951,0.586,0.392,-7.198,0.0282,0.459,0.0,0.136,0.312
3x15gbOYRTcOhE6QG35iRI,5,0,4,275413,109.905,0.685,0.539,-8.517,0.0249,0.0771,1.08e-05,0.145,0.201
3VVr2QLacbRo8E9kSMIEpm,5,0,4,310800,94.99,0.791,0.583,-6.848,0.0254,0.0167,0.00157,0.0914,0.644
1GjjJ1lbsWfYPDHVw0omWL,0,1,4,269827,121.912,0.68,0.51,-8.572,0.0255,0.109,0.00327,0.105,0.161
511PC6cEQrQc1ybAcKhwnm,1,1,4,223760,121.083,0.506,0.307,-10.837,0.0303,0.531,4.7e-06,0.207,0.188
7EL6am3rya70wE0NjTWEfW,0,1,4,217853,131.825,0.553,0.634,-6.851,0.0307,0.0834,0.0,0.183,0.174
3dxVa3SunD4pd7lZfR2Ml3,10,0,4,260187,98.935,0.757,0.568,-6.989,0.0277,0.198,6.4e-05,0.166,0.407
5m5pbleGZbAF8mv7VqT5lb,11,0,4,296867,69.982,0.608,0.639,-5.16,0.0276,0.0389,0.0,0.306,0.284
3fs7XuxgbpXSIlBvx4Ripx,4,0,4,330867,115.937,0.725,0.358,-9.193,0.0311,0.368,7.24e-06,0.15,0.124
2jV4tyLACoeVMKQNbFEfvd,0,1,4,218747,115.949,0.737,0.705,-6.329,0.0298,0.0897,0.0,0.249,0.482
2nmkfatj06VMXg6W9qd7br,0,0,3,303453,109.846,0.418,0.424,-9.297,0.0279,0.192,0.0,0.11,0.294
1KOQDCDZw0IyGWohNncC8V,5,0,5,357707,104.02,0.457,0.906,-2.278,0.342,0.249,0.0,0.182,0.54
